Workbook

Sheet サマリー
A1: 資さんうどん 九州7店舗 周辺時給調査サマリー
A2: 調査日：2026-07-31 ／ 自社時給＝社内データ（実額確認済み） ／ 周辺相場＝公開求人の掲載値
A4: 店舗 | B4: 県 | C4: 県最低賃金 | D4: 自社時給 | E4: 最賃との差 | F4: 深夜時給 | G4: 土日祝加算 | H4: 土日祝実質 | I4: 周辺件数 | J4: 周辺最安 | K4: 周辺中央値 | L4: 周辺最高 | M4: 自社-中央値 | N4: 自社の位置
A5: 陣山店 | B5: 福岡県 | C5: 1057 | D5: 1057 | E5: =IF(ISNUMBER(D5),D5-C5,"-") | F5: 1322 | G5: 130 | H5: =IF(ISNUMBER(D5),D5+G5,"-") | I5: ='陣山店'!E14 | J5: ='陣山店'!E15 | K5: ='陣山店'!E17 | L5: ='陣山店'!E16 | M5: =IF(AND(ISNUMBER(D5),ISNUMBER(K5)),D5-K5,"-") | N5: =IF(NOT(ISNUMBER(M5)),"判定不可",IF(M5<0,"周辺より低い",IF(M5=0,"周辺と同水準","周辺より高い")))
A6: 新池店 | B6: 福岡県 | C6: 1057 | D6: 1057 | E6: =IF(ISNUMBER(D6),D6-C6,"-") | F6: 1322 | G6: 130 | H6: =IF(ISNUMBER(D6),D6+G6,"-") | I6: ='新池店'!E12 | J6: ='新池店'!E13 | K6: ='新池店'!E15 | L6: ='新池店'!E14 | M6: =IF(AND(ISNUMBER(D6),ISNUMBER(K6)),D6-K6,"-") | N6: =IF(NOT(ISNUMBER(M6)),"判定不可",IF(M6<0,"周辺より低い",IF(M6=0,"周辺と同水準","周辺より高い")))
A7: 宗像店 | B7: 福岡県 | C7: 1057 | D7: 1057 | E7: =IF(ISNUMBER(D7),D7-C7,"-") | F7: 1322 | G7: 130 | H7: =IF(ISNUMBER(D7),D7+G7,"-") | I7: ='宗像店'!E11 | J7: ='宗像店'!E12 | K7: ='宗像店'!E14 | L7: ='宗像店'!E13 | M7: =IF(AND(ISNUMBER(D7),ISNUMBER(K7)),D7-K7,"-") | N7: =IF(NOT(ISNUMBER(M7)),"判定不可",IF(M7<0,"周辺より低い",IF(M7=0,"周辺と同水準","周辺より高い")))
A8: 菊陽店 | B8: 熊本県 | C8: 1034 | D8: 1034 | E8: =IF(ISNUMBER(D8),D8-C8,"-") | F8: 1293 | G8: 130 | H8: =IF(ISNUMBER(D8),D8+G8,"-") | I8: ='菊陽店'!E11 | J8: ='菊陽店'!E12 | K8: ='菊陽店'!E14 | L8: ='菊陽店'!E13 | M8: =IF(AND(ISNUMBER(D8),ISNUMBER(K8)),D8-K8,"-") | N8: =IF(NOT(ISNUMBER(M8)),"判定不可",IF(M8<0,"周辺より低い",IF(M8=0,"周辺と同水準","周辺より高い")))
A9: 鳥栖真木店 | B9: 佐賀県 | C9: 1030 | D9: 1030 | E9: =IF(ISNUMBER(D9),D9-C9,"-") | F9: 1288 | G9: 130 | H9: =IF(ISNUMBER(D9),D9+G9,"-") | I9: ='鳥栖真木店'!E11 | J9: ='鳥栖真木店'!E12 | K9: ='鳥栖真木店'!E14 | L9: ='鳥栖真木店'!E13 | M9: =IF(AND(ISNUMBER(D9),ISNUMBER(K9)),D9-K9,"-") | N9: =IF(NOT(ISNUMBER(M9)),"判定不可",IF(M9<0,"周辺より低い",IF(M9=0,"周辺と同水準","周辺より高い")))
A10: 佐賀兵庫店 | B10: 佐賀県 | C10: 1030 | D10: 1030 | E10: =IF(ISNUMBER(D10),D10-C10,"-") | F10: 1288 | G10: 130 | H10: =IF(ISNUMBER(D10),D10+G10,"-") | I10: ='佐賀兵庫店'!E11 | J10: ='佐賀兵庫店'!E12 | K10: ='佐賀兵庫店'!E14 | L10: ='佐賀兵庫店'!E13 | M10: =IF(AND(ISNUMBER(D10),ISNUMBER(K10)),D10-K10,"-") | N10: =IF(NOT(ISNUMBER(M10)),"判定不可",IF(M10<0,"周辺より低い",IF(M10=0,"周辺と同水準","周辺より高い")))
A11: 宮崎阿波岐原店 | B11: 宮崎県 | C11: 1023 | D11: 未提供 | E11: =IF(ISNUMBER(D11),D11-C11,"-") | F11: - | G11: 130 | H11: =IF(ISNUMBER(D11),D11+G11,"-") | I11: ='宮崎阿波岐原店'!E13 | J11: ='宮崎阿波岐原店'!E14 | K11: ='宮崎阿波岐原店'!E16 | L11: ='宮崎阿波岐原店'!E15 | M11: =IF(AND(ISNUMBER(D11),ISNUMBER(K11)),D11-K11,"-") | N11: =IF(NOT(ISNUMBER(M11)),"判定不可",IF(M11<0,"周辺より低い",IF(M11=0,"周辺と同水準","周辺より高い")))
A13: 所見
A14: 1. 7店舗中6店舗（社内データ提供分すべて）の時給は、県の地域別最低賃金と1円単位で同額です。差は0円です。
A15: 2. 深夜時給は全店とも 基本時給×1.25 の切り上げで、社内データ内の整合は取れています。
A16: 3. 宮崎阿波岐原店の社内データが未提供です。公開求人には平日1,000円と出ていますが、
A17: 宮崎県の最低賃金1,023円を下回るため、2025年11月の改定前の旧掲載です。数値として採用していません。
A18: 4. 公開求人には最低賃金割れの旧掲載が複数ありました（丸亀製麺 鳥栖店980円・佐賀店1,000円・宮崎住吉店1,000円、
A19: うどんウエスト 菊陽光の森店900円）。いずれも自動判定で「未確定」に落としています。
A20: 5. 周辺相場は公開求人の掲載値であり、実際に支払われている時給ではありません。証明レベルの違いは調査台帳を参照してください。

Sheet 調査台帳
A1: 調査台帳（証拠シート）— 判定列は数式です。手入力しないでください
A2: 収集者が記入してよいのは D〜J の証拠列のみ。L・M・N の判定は証拠から自動算出されます。『店舗一致OK』と人が書けば通る自己採点を構造的に排除するための設計です。
A3: 採用条件：店舗名・所在地・求人ID・時給が同じ求人ブロックから取れていること(証拠4点セット)。近隣求人欄・ブランド共通レンジ・施設一般値からの金額は採用しません。
A5: No. | B5: 対象資さん店舗 | C5: 区分 | D5: 競合店舗名(証拠) | E5: 所在地・施設(証拠) | F5: 求人ID/識別子(証拠) | G5: 基本時給(証拠) | H5: 時給条件(原文) | I5: 取得元区分 | J5: 出典URL | K5: 県最低賃金 | L5: 【自動】最賃判定 | M5: 【自動】証拠4点 | N5: 【自動】証明レベル | O5: 確認日 | P5: 備考
A6: 1 | B6: 陣山店 | C6: 牛丼 | D6: すき家 3号黒崎店 | E6: 北九州市八幡西区(黒崎駅近く) | F6: 3号黒崎店 | G6: 1080 | H6: 求人表示 1,080～1,350円 | I6: 店舗固有求人 | J6: https://www.baitoru.com/kyushu/jlist/fukuoka/kitakyusyushi/kitakyushushiyahatanishiku/ | K6: 1057 | L6: =IF(G6="","-",IF(G6<K6,"割れ(旧掲載疑い)","OK")) | M6: =IF(AND(D6<>"",E6<>"",F6<>"",G6<>""),"充足","不足") | N6: =IF(I6="ブランド共通","未確定(店舗非固有)",IF(I6="施設一般","未確定(施設一般値)",IF(I6="近隣求人欄","未確定(近隣欄からの抽出)",IF(I6="店舗非特定","未確定(店舗非特定)",IF(G6="","取得不能",IF(L6="割れ(旧掲載疑い)","未確定(最低賃金割れ)",IF(M6="不足","未確定(証拠不足)","媒体掲載値"))))))) | O6: 2026-07-31
A7: 2 | B7: 陣山店 | C7: ファミレス | D7: ジョイフル 北九州黒崎店 | E7: 北九州市八幡西区 | F7: job155176519 | G7: 1107 | H7: 9-15時 1,200円／15-22時 1,107円／22-5時 1,564円／5-9時 1,551円／高校生 1,107円 | I7: 店舗固有求人 | J7: https://www.baitoru.com/kyushu/jlist/fukuoka/kitakyusyushi/kitakyushushiyahatanishiku/job155176519/ | K7: 1057 | L7: =IF(G7="","-",IF(G7<K7,"割れ(旧掲載疑い)","OK")) | M7: =IF(AND(D7<>"",E7<>"",F7<>"",G7<>""),"充足","不足") | N7: =IF(I7="ブランド共通","未確定(店舗非固有)",IF(I7="施設一般","未確定(施設一般値)",IF(I7="近隣求人欄","未確定(近隣欄からの抽出)",IF(I7="店舗非特定","未確定(店舗非特定)",IF(G7="","取得不能",IF(L7="割れ(旧掲載疑い)","未確定(最低賃金割れ)",IF(M7="不足","未確定(証拠不足)","媒体掲載値"))))))) | O7: 2026-07-31
A8: 3 | B8: 陣山店 | C8: ファストフード | D8: マクドナルド フレスポ黒崎店 | E8: 北九州市八幡西区 | F8: job147130904 | G8: 1060 | H8: 22-5時 25%UP | I8: 店舗固有求人 | J8: https://www.baitoru.com/kyushu/jlist/fukuoka/kitakyusyushi/kitakyushushiyahatanishiku/job147130904/ | K8: 1057 | L8: =IF(G8="","-",IF(G8<K8,"割れ(旧掲載疑い)","OK")) | M8: =IF(AND(D8<>"",E8<>"",F8<>"",G8<>""),"充足","不足") | N8: =IF(I8="ブランド共通","未確定(店舗非固有)",IF(I8="施設一般","未確定(施設一般値)",IF(I8="近隣求人欄","未確定(近隣欄からの抽出)",IF(I8="店舗非特定","未確定(店舗非特定)",IF(G8="","取得不能",IF(L8="割れ(旧掲載疑い)","未確定(最低賃金割れ)",IF(M8="不足","未確定(証拠不足)","媒体掲載値"))))))) | O8: 2026-07-31
A9: 4 | B9: 陣山店 | C9: 牛丼 | D9: 吉野家 3号線黒崎西店 | E9: 北九州市八幡西区 | F9: ysn_044844 | G9: 1060 | H9: 求人表示 1,060～1,325円 | I9: 店舗固有求人 | J9: https://www.yoshinoya.com/baito/op71872/alist/kyushu_fukuoka_kitakyusyushi_kitakyushushiyahatanishiku/ | K9: 1057 | L9: =IF(G9="","-",IF(G9<K9,"割れ(旧掲載疑い)","OK")) | M9: =IF(AND(D9<>"",E9<>"",F9<>"",G9<>""),"充足","不足") | N9: =IF(I9="ブランド共通","未確定(店舗非固有)",IF(I9="施設一般","未確定(施設一般値)",IF(I9="近隣求人欄","未確定(近隣欄からの抽出)",IF(I9="店舗非特定","未確定(店舗非特定)",IF(G9="","取得不能",IF(L9="割れ(旧掲載疑い)","未確定(最低賃金割れ)",IF(M9="不足","未確定(証拠不足)","媒体掲載値"))))))) | O9: 2026-07-31
A10: 5 | B10: 陣山店 | C10: うどん(直接競合) | D10: うどんウエスト(八幡西区) | G10: 1050 | H10: 八幡西区として1,050円～と表示 | I10: 店舗非特定 | J10: https://west-saiyou.net/ | K10: 1057 | L10: =IF(G10="","-",IF(G10<K10,"割れ(旧掲載疑い)","OK")) | M10: =IF(AND(D10<>"",E10<>"",F10<>"",G10<>""),"充足","不足") | N10: =IF(I10="ブランド共通","未確定(店舗非固有)",IF(I10="施設一般","未確定(施設一般値)",IF(I10="近隣求人欄","未確定(近隣欄からの抽出)",IF(I10="店舗非特定","未確定(店舗非特定)",IF(G10="","取得不能",IF(L10="割れ(旧掲載疑い)","未確定(最低賃金割れ)",IF(M10="不足","未確定(証拠不足)","媒体掲載値"))))))) | O10: 2026-07-31 | P10: ★八幡西区のどの店舗の値か特定できない。数式が自動で弾く
A11: 6 | B11: 陣山店 | C11: ちゃんぽん | D11: リンガーハット コムシティ黒崎店 | E11: 北九州市八幡西区(JR黒崎駅前コムシティ3F) | F11: job15735 | G11: 1050 | H11: 八幡西区のリンガーハットとして1,050円～と表示 | I11: 店舗非特定 | J11: https://nishitetsu-store-job.net/jobfind-pc/job/All/15735 | K11: 1057 | L11: =IF(G11="","-",IF(G11<K11,"割れ(旧掲載疑い)","OK")) | M11: =IF(AND(D11<>"",E11<>"",F11<>"",G11<>""),"充足","不足") | N11: =IF(I11="ブランド共通","未確定(店舗非固有)",IF(I11="施設一般","未確定(施設一般値)",IF(I11="近隣求人欄","未確定(近隣欄からの抽出)",IF(I11="店舗非特定","未確定(店舗非特定)",IF(G11="","取得不能",IF(L11="割れ(旧掲載疑い)","未確定(最低賃金割れ)",IF(M11="不足","未確定(証拠不足)","媒体掲載値"))))))) | O11: 2026-07-31 | P11: ★運営は西鉄ストア。1,050円がこの店舗の値か確認できない
A12: 7 | B12: 陣山店 | C12: ファミレス | D12: ガスト イオンタウン黒崎店 | E12: 北九州市八幡西区西曲里町3-3 | G12: 1240 | H12: 福岡県内共通レンジ 1,240～1,428円(深夜割増込み)のみ取得 | I12: ブランド共通 | J12: https://arbaito.skylark.co.jp/csaiyo/f1dr/pc_job/list/GT/kyuo/fukuoka/all | K12: 1057 | L12: =IF(G12="","-",IF(G12<K12,"割れ(旧掲載疑い)","OK")) | M12: =IF(AND(D12<>"",E12<>"",F12<>"",G12<>""),"充足","不足") | N12: =IF(I12="ブランド共通","未確定(店舗非固有)",IF(I12="施設一般","未確定(施設一般値)",IF(I12="近隣求人欄","未確定(近隣欄からの抽出)",IF(I12="店舗非特定","未確定(店舗非特定)",IF(G12="","取得不能",IF(L12="割れ(旧掲載疑い)","未確定(最低賃金割れ)",IF(M12="不足","未確定(証拠不足)","媒体掲載値"))))))) | O12: 2026-07-31 | P12: ★県内共通かつ深夜込みレンジ。通常時給として使うと南柏店サイゼリヤと同型の事故になる
A13: 8 | B13: 新池店 | C13: 回転寿司 | D13: スシロー 戸畑鞘ヶ谷店 | E13: 北九州市戸畑区鞘ヶ谷 | F13: スシロー戸畑鞘ヶ谷店 | G13: 1100 | H13: 求人表示 1,100～1,425円 | I13: 店舗固有求人 | J13: https://www.hatarako.net/fukuoka/kitakyushushi/kitakyushushitobataku/ktp30/ | K13: 1057 | L13: =IF(G13="","-",IF(G13<K13,"割れ(旧掲載疑い)","OK")) | M13: =IF(AND(D13<>"",E13<>"",F13<>"",G13<>""),"充足","不足") | N13: =IF(I13="ブランド共通","未確定(店舗非固有)",IF(I13="施設一般","未確定(施設一般値)",IF(I13="近隣求人欄","未確定(近隣欄からの抽出)",IF(I13="店舗非特定","未確定(店舗非特定)",IF(G13="","取得不能",IF(L13="割れ(旧掲載疑い)","未確定(最低賃金割れ)",IF(M13="不足","未確定(証拠不足)","媒体掲載値"))))))) | O13: 2026-07-31
A14: 9 | B14: 新池店 | C14: ファストフード | D14: マクドナルド 戸畑夜宮店 | E14: 北九州市戸畑区夜宮 | F14: job156939010 | G14: 1060 | H14: 22-5時 25%UP | I14: 店舗固有求人 | J14: https://www.baitoru.com/kyushu/jlist/fukuoka/kitakyusyushi/kitakyushushitobataku/job156939010/ | K14: 1057 | L14: =IF(G14="","-",IF(G14<K14,"割れ(旧掲載疑い)","OK")) | M14: =IF(AND(D14<>"",E14<>"",F14<>"",G14<>""),"充足","不足") | N14: =IF(I14="ブランド共通","未確定(店舗非固有)",IF(I14="施設一般","未確定(施設一般値)",IF(I14="近隣求人欄","未確定(近隣欄からの抽出)",IF(I14="店舗非特定","未確定(店舗非特定)",IF(G14="","取得不能",IF(L14="割れ(旧掲載疑い)","未確定(最低賃金割れ)",IF(M14="不足","未確定(証拠不足)","媒体掲載値"))))))) | O14: 2026-07-31
A15: 10 | B15: 新池店 | C15: ファストフード | D15: マクドナルド イオン戸畑SC店 | E15: 北九州市戸畑区汐井町2-2 | F15: 40564 | H15: 高校生 1,057円～／22-5時 25%UP。一般時給は未取得 | I15: 未取得 | J15: https://crewrecruiting.mcdonalds.co.jp/map/40564 | K15: 1057 | L15: =IF(G15="","-",IF(G15<K15,"割れ(旧掲載疑い)","OK")) | M15: =IF(AND(D15<>"",E15<>"",F15<>"",G15<>""),"充足","不足") | N15: =IF(I15="ブランド共通","未確定(店舗非固有)",IF(I15="施設一般","未確定(施設一般値)",IF(I15="近隣求人欄","未確定(近隣欄からの抽出)",IF(I15="店舗非特定","未確定(店舗非特定)",IF(G15="","取得不能",IF(L15="割れ(旧掲載疑い)","未確定(最低賃金割れ)",IF(M15="不足","未確定(証拠不足)","媒体掲載値"))))))) | O15: 2026-07-31 | P15: 高校生時給しか取れず。通常時給と混同しないため未採用
A16: 11 | B16: 新池店 | C16: うどん(直接競合) | D16: うどんウエスト 戸畑店 | E16: 北九州市戸畑区初音町9-25 | H16: 店舗の時給掲載を取得できず | I16: 未取得 | J16: https://west-saiyou.net/ | K16: 1057 | L16: =IF(G16="","-",IF(G16<K16,"割れ(旧掲載疑い)","OK")) | M16: =IF(AND(D16<>"",E16<>"",F16<>"",G16<>""),"充足","不足") | N16: =IF(I16="ブランド共通","未確定(店舗非固有)",IF(I16="施設一般","未確定(施設一般値)",IF(I16="近隣求人欄","未確定(近隣欄からの抽出)",IF(I16="店舗非特定","未確定(店舗非特定)",IF(G16="","取得不能",IF(L16="割れ(旧掲載疑い)","未確定(最低賃金割れ)",IF(M16="不足","未確定(証拠不足)","媒体掲載値"))))))) | O16: 2026-07-31 | P16: ★小倉片野店の1,050円は別店舗。使用しない
A17: 12 | B17: 新池店 | C17: ファミレス | D17: ジョイフル(戸畑区) | G17: 1042 | H17: 検索で並んだのは本城店1,042円・小倉熊本店1,042円。いずれも戸畑区外 | I17: 店舗非特定 | J17: https://joyful.saiyo-job.jp/dsaiyo/cct7/pc_job/list/all/kyuo/fukuoka/all | K17: 1057 | L17: =IF(G17="","-",IF(G17<K17,"割れ(旧掲載疑い)","OK")) | M17: =IF(AND(D17<>"",E17<>"",F17<>"",G17<>""),"充足","不足") | N17: =IF(I17="ブランド共通","未確定(店舗非固有)",IF(I17="施設一般","未確定(施設一般値)",IF(I17="近隣求人欄","未確定(近隣欄からの抽出)",IF(I17="店舗非特定","未確定(店舗非特定)",IF(G17="","取得不能",IF(L17="割れ(旧掲載疑い)","未確定(最低賃金割れ)",IF(M17="不足","未確定(証拠不足)","媒体掲載値"))))))) | O17: 2026-07-31 | P17: ★検索で出た本城店・小倉熊本店はいずれも戸畑区外。別店舗の値なので使用しない
A18: 13 | B18: 宗像店 | C18: ファミレス | D18: ジョイフル 宗像徳重店 | E18: 福岡県宗像市徳重 | F18: ジョイフル宗像徳重店 | G18: 1150 | H18: 9:00-15:00 の時給 | I18: 店舗固有求人 | J18: https://www.baitoru.com/kyushu/jlist/fukuoka/kitakyusyushiigai/munakatashi/food/ | K18: 1057 | L18: =IF(G18="","-",IF(G18<K18,"割れ(旧掲載疑い)","OK")) | M18: =IF(AND(D18<>"",E18<>"",F18<>"",G18<>""),"充足","不足") | N18: =IF(I18="ブランド共通","未確定(店舗非固有)",IF(I18="施設一般","未確定(施設一般値)",IF(I18="近隣求人欄","未確定(近隣欄からの抽出)",IF(I18="店舗非特定","未確定(店舗非特定)",IF(G18="","取得不能",IF(L18="割れ(旧掲載疑い)","未確定(最低賃金割れ)",IF(M18="不足","未確定(証拠不足)","媒体掲載値"))))))) | O18: 2026-07-31
A19: 14 | B19: 宗像店 | C19: ファストフード | D19: マクドナルド 宗像ミスターマックス店 | E19: 福岡県宗像市 | F19: 40031 | H19: 時給の記載を取得できず | I19: 未取得 | J19: https://crewrecruiting.mcdonalds.co.jp/map/40031 | K19: 1057 | L19: =IF(G19="","-",IF(G19<K19,"割れ(旧掲載疑い)","OK")) | M19: =IF(AND(D19<>"",E19<>"",F19<>"",G19<>""),"充足","不足") | N19: =IF(I19="ブランド共通","未確定(店舗非固有)",IF(I19="施設一般","未確定(施設一般値)",IF(I19="近隣求人欄","未確定(近隣欄からの抽出)",IF(I19="店舗非特定","未確定(店舗非特定)",IF(G19="","取得不能",IF(L19="割れ(旧掲載疑い)","未確定(最低賃金割れ)",IF(M19="不足","未確定(証拠不足)","媒体掲載値"))))))) | O19: 2026-07-31
A20: 15 | B20: 宗像店 | C20: 牛丼 | D20: すき家 宗像赤間店 | E20: 福岡県宗像市赤間 | F20: 593 | H20: 時給の記載を取得できず | I20: 未取得 | J20: https://jobs.sukiya.jp/shops/593 | K20: 1057 | L20: =IF(G20="","-",IF(G20<K20,"割れ(旧掲載疑い)","OK")) | M20: =IF(AND(D20<>"",E20<>"",F20<>"",G20<>""),"充足","不足") | N20: =IF(I20="ブランド共通","未確定(店舗非固有)",IF(I20="施設一般","未確定(施設一般値)",IF(I20="近隣求人欄","未確定(近隣欄からの抽出)",IF(I20="店舗非特定","未確定(店舗非特定)",IF(G20="","取得不能",IF(L20="割れ(旧掲載疑い)","未確定(最低賃金割れ)",IF(M20="不足","未確定(証拠不足)","媒体掲載値"))))))) | O20: 2026-07-31
A21: 16 | B21: 宗像店 | C21: うどん(直接競合) | D21: うどんウエスト 宗像店 | E21: 福岡県宗像市 | F21: store/62 | H21: 店舗の時給掲載を取得できず | I21: 未取得 | J21: https://www.shop-west.jp/store/62.html | K21: 1057 | L21: =IF(G21="","-",IF(G21<K21,"割れ(旧掲載疑い)","OK")) | M21: =IF(AND(D21<>"",E21<>"",F21<>"",G21<>""),"充足","不足") | N21: =IF(I21="ブランド共通","未確定(店舗非固有)",IF(I21="施設一般","未確定(施設一般値)",IF(I21="近隣求人欄","未確定(近隣欄からの抽出)",IF(I21="店舗非特定","未確定(店舗非特定)",IF(G21="","取得不能",IF(L21="割れ(旧掲載疑い)","未確定(最低賃金割れ)",IF(M21="不足","未確定(証拠不足)","媒体掲載値"))))))) | O21: 2026-07-31 | P21: ★佐賀市の1,100円は別県の別店舗。使用しない
A22: 17 | B22: 菊陽店 | C22: うどん(直接競合) | D22: 丸亀製麺 ゆめタウン光の森店 | E22: 熊本県菊池郡菊陽町(JR光の森駅北口徒歩7分) | F22: A10701917410 | G22: 1200 | H22: 求人表示 1,200～1,500円／閉店作業 1,100円～／土曜+50円・日祝+100円 | I22: 店舗固有求人 | J22: https://toridoll-job.com/toridoll02/A10701917410/MDkyujin_d.htm | K22: 1034 | L22: =IF(G22="","-",IF(G22<K22,"割れ(旧掲載疑い)","OK")) | M22: =IF(AND(D22<>"",E22<>"",F22<>"",G22<>""),"充足","不足") | N22: =IF(I22="ブランド共通","未確定(店舗非固有)",IF(I22="施設一般","未確定(施設一般値)",IF(I22="近隣求人欄","未確定(近隣欄からの抽出)",IF(I22="店舗非特定","未確定(店舗非特定)",IF(G22="","取得不能",IF(L22="割れ(旧掲載疑い)","未確定(最低賃金割れ)",IF(M22="不足","未確定(証拠不足)","媒体掲載値"))))))) | O22: 2026-07-31
A23: 18 | B23: 菊陽店 | C23: ファミレス | D23: ジョイフル 菊陽店 | E23: 熊本県菊池郡菊陽町 | F23: job155176308 | G23: 1084 | H23: 9-15時 1,250円／15-18時 1,084円／18-22時 1,200円／22-0時 1,355円／0-9時 1,438円／高校生 1,084円 | I23: 店舗固有求人 | J23: https://www.baitoru.com/kyushu/jlist/kumamoto/kumamotoshiigai/kikuchigun/job155176308/ | K23: 1034 | L23: =IF(G23="","-",IF(G23<K23,"割れ(旧掲載疑い)","OK")) | M23: =IF(AND(D23<>"",E23<>"",F23<>"",G23<>""),"充足","不足") | N23: =IF(I23="ブランド共通","未確定(店舗非固有)",IF(I23="施設一般","未確定(施設一般値)",IF(I23="近隣求人欄","未確定(近隣欄からの抽出)",IF(I23="店舗非特定","未確定(店舗非特定)",IF(G23="","取得不能",IF(L23="割れ(旧掲載疑い)","未確定(最低賃金割れ)",IF(M23="不足","未確定(証拠不足)","媒体掲載値"))))))) | O23: 2026-07-31
A24: 19 | B24: 菊陽店 | C24: うどん(直接競合) | D24: うどんウエスト 菊陽光の森店 | E24: 熊本県菊池郡菊陽町光の森 | F24: job158925669 | G24: 900 | H24: うどんコーナー 900円～/950円～／深夜早朝 1,400円～／土日祝+50円 | I24: 店舗固有求人 | J24: https://www.baitoru.com/kyushu/jlist/kumamoto/kumamotoshiigai/kikuchigun/job158925669/ | K24: 1034 | L24: =IF(G24="","-",IF(G24<K24,"割れ(旧掲載疑い)","OK")) | M24: =IF(AND(D24<>"",E24<>"",F24<>"",G24<>""),"充足","不足") | N24: =IF(I24="ブランド共通","未確定(店舗非固有)",IF(I24="施設一般","未確定(施設一般値)",IF(I24="近隣求人欄","未確定(近隣欄からの抽出)",IF(I24="店舗非特定","未確定(店舗非特定)",IF(G24="","取得不能",IF(L24="割れ(旧掲載疑い)","未確定(最低賃金割れ)",IF(M24="不足","未確定(証拠不足)","媒体掲載値"))))))) | O24: 2026-07-31 | P24: ★熊本県最低賃金1,034円を大きく下回る=2026-01-01改定前の旧掲載。実額とみなせない
A25: 20 | B25: 菊陽店 | C25: ファストフード | D25: マクドナルド 光の森ゆめタウン店 | E25: 熊本県菊池郡菊陽町光の森7-33-1 | F25: 43542 | G25: 1040 | H25: 熊本県内一般として1,040円～、深夜1,250円と表示 | I25: ブランド共通 | J25: https://crewrecruiting.mcdonalds.co.jp/map/43542 | K25: 1034 | L25: =IF(G25="","-",IF(G25<K25,"割れ(旧掲載疑い)","OK")) | M25: =IF(AND(D25<>"",E25<>"",F25<>"",G25<>""),"充足","不足") | N25: =IF(I25="ブランド共通","未確定(店舗非固有)",IF(I25="施設一般","未確定(施設一般値)",IF(I25="近隣求人欄","未確定(近隣欄からの抽出)",IF(I25="店舗非特定","未確定(店舗非特定)",IF(G25="","取得不能",IF(L25="割れ(旧掲載疑い)","未確定(最低賃金割れ)",IF(M25="不足","未確定(証拠不足)","媒体掲載値"))))))) | O25: 2026-07-31 | P25: ★県内一般の1,040円～は別店舗の値。使用しない
A26: 21 | B26: 鳥栖真木店 | C26: ファミレス | D26: ジョイフル 鳥栖中央店 | E26: 佐賀県鳥栖市 | F26: job156010261 | G26: 1200 | H26: 求人表示 1,200～1,450円 | I26: 店舗固有求人 | J26: https://www.baitoru.com/kyushu/jlist/saga/tosushi/job156010261/ | K26: 1030 | L26: =IF(G26="","-",IF(G26<K26,"割れ(旧掲載疑い)","OK")) | M26: =IF(AND(D26<>"",E26<>"",F26<>"",G26<>""),"充足","不足") | N26: =IF(I26="ブランド共通","未確定(店舗非固有)",IF(I26="施設一般","未確定(施設一般値)",IF(I26="近隣求人欄","未確定(近隣欄からの抽出)",IF(I26="店舗非特定","未確定(店舗非特定)",IF(G26="","取得不能",IF(L26="割れ(旧掲載疑い)","未確定(最低賃金割れ)",IF(M26="不足","未確定(証拠不足)","媒体掲載値"))))))) | O26: 2026-07-31
A27: 22 | B27: 鳥栖真木店 | C27: うどん(直接競合) | D27: 丸亀製麺 鳥栖店 | E27: 佐賀県鳥栖市 | F27: A10701916420 | G27: 980 | H27: 開店準備・仕込みスタッフ 980円～(高校生同額) | I27: 店舗固有求人 | J27: https://toridoll-job.com/toridoll02/A10701916420/MDkyujin_d.htm | K27: 1030 | L27: =IF(G27="","-",IF(G27<K27,"割れ(旧掲載疑い)","OK")) | M27: =IF(AND(D27<>"",E27<>"",F27<>"",G27<>""),"充足","不足") | N27: =IF(I27="ブランド共通","未確定(店舗非固有)",IF(I27="施設一般","未確定(施設一般値)",IF(I27="近隣求人欄","未確定(近隣欄からの抽出)",IF(I27="店舗非特定","未確定(店舗非特定)",IF(G27="","取得不能",IF(L27="割れ(旧掲載疑い)","未確定(最低賃金割れ)",IF(M27="不足","未確定(証拠不足)","媒体掲載値"))))))) | O27: 2026-07-31 | P27: ★佐賀県最低賃金1,030円を下回る=旧掲載。かつ職種限定(仕込み)で通常ホールの値ではない
A28: 23 | B28: 鳥栖真木店 | C28: ファストフード | D28: マクドナルド 鳥栖フレスポ店 | E28: 佐賀県鳥栖市 | F28: 41505 | H28: 時給の記載を取得できず | I28: 未取得 | J28: https://crewrecruiting.mcdonalds.co.jp/map/41505 | K28: 1030 | L28: =IF(G28="","-",IF(G28<K28,"割れ(旧掲載疑い)","OK")) | M28: =IF(AND(D28<>"",E28<>"",F28<>"",G28<>""),"充足","不足") | N28: =IF(I28="ブランド共通","未確定(店舗非固有)",IF(I28="施設一般","未確定(施設一般値)",IF(I28="近隣求人欄","未確定(近隣欄からの抽出)",IF(I28="店舗非特定","未確定(店舗非特定)",IF(G28="","取得不能",IF(L28="割れ(旧掲載疑い)","未確定(最低賃金割れ)",IF(M28="不足","未確定(証拠不足)","媒体掲載値"))))))) | O28: 2026-07-31
A29: 24 | B29: 鳥栖真木店 | C29: 焼肉 | D29: ウエスト 焼肉 鳥栖店 | E29: 佐賀県鳥栖市 | F29: 043-06 | H29: 時給の記載を取得できず | I29: 未取得 | J29: https://baito.mynavi.jp/cl-002555807358/job-109509242/ | K29: 1030 | L29: =IF(G29="","-",IF(G29<K29,"割れ(旧掲載疑い)","OK")) | M29: =IF(AND(D29<>"",E29<>"",F29<>"",G29<>""),"充足","不足") | N29: =IF(I29="ブランド共通","未確定(店舗非固有)",IF(I29="施設一般","未確定(施設一般値)",IF(I29="近隣求人欄","未確定(近隣欄からの抽出)",IF(I29="店舗非特定","未確定(店舗非特定)",IF(G29="","取得不能",IF(L29="割れ(旧掲載疑い)","未確定(最低賃金割れ)",IF(M29="不足","未確定(証拠不足)","媒体掲載値"))))))) | O29: 2026-07-31
A30: 25 | B30: 佐賀兵庫店 | C30: うどん(直接競合) | D30: うどんウエスト 佐賀光法店 | E30: 佐賀県佐賀市光法 | F30: job84382253 | G30: 1150 | H30: うどんコーナー 1,150円～／高校生 1,030円～ | I30: 店舗固有求人 | J30: https://www.baitoru.com/kyushu/jlist/saga/sagashi/job84382253/ | K30: 1030 | L30: =IF(G30="","-",IF(G30<K30,"割れ(旧掲載疑い)","OK")) | M30: =IF(AND(D30<>"",E30<>"",F30<>"",G30<>""),"充足","不足") | N30: =IF(I30="ブランド共通","未確定(店舗非固有)",IF(I30="施設一般","未確定(施設一般値)",IF(I30="近隣求人欄","未確定(近隣欄からの抽出)",IF(I30="店舗非特定","未確定(店舗非特定)",IF(G30="","取得不能",IF(L30="割れ(旧掲載疑い)","未確定(最低賃金割れ)",IF(M30="不足","未確定(証拠不足)","媒体掲載値"))))))) | O30: 2026-07-31 | P30: 兵庫町ではなく佐賀市光法。距離は未計測
A31: 26 | B31: 佐賀兵庫店 | C31: 商業施設内飲食 | D31: 天麩羅こむぎ モラージュ佐賀 | E31: 佐賀県佐賀市巨勢町(モラージュ佐賀) | G31: 1050 | H31: 1,050円以上／高校生可 | I31: 店舗固有求人 | J31: https://townwork.net/job_search/kw/%E3%83%A2%E3%83%A9%E3%83%BC%E3%82%B8%E3%83%A5+%E3%83%90%E3%82%A4%E3%83%88+%E4%BD%90%E8%B3%80%E7%9C%8C+%E4%BD%90%E8%B3%80%E5%B8%82/ | K31: 1030 | L31: =IF(G31="","-",IF(G31<K31,"割れ(旧掲載疑い)","OK")) | M31: =IF(AND(D31<>"",E31<>"",F31<>"",G31<>""),"充足","不足") | N31: =IF(I31="ブランド共通","未確定(店舗非固有)",IF(I31="施設一般","未確定(施設一般値)",IF(I31="近隣求人欄","未確定(近隣欄からの抽出)",IF(I31="店舗非特定","未確定(店舗非特定)",IF(G31="","取得不能",IF(L31="割れ(旧掲載疑い)","未確定(最低賃金割れ)",IF(M31="不足","未確定(証拠不足)","媒体掲載値"))))))) | O31: 2026-07-31
A32: 27 | B32: 佐賀兵庫店 | C32: うどん(直接競合) | D32: 丸亀製麺 佐賀店 | E32: 佐賀県佐賀市 | F32: A10701917124 | G32: 1000 | H32: ホールスタッフ 1,000円～／22時以降25%UP | I32: 店舗固有求人 | J32: https://toridoll-job.com/toridoll02/A10701917124/MDkyujin_d.htm | K32: 1030 | L32: =IF(G32="","-",IF(G32<K32,"割れ(旧掲載疑い)","OK")) | M32: =IF(AND(D32<>"",E32<>"",F32<>"",G32<>""),"充足","不足") | N32: =IF(I32="ブランド共通","未確定(店舗非固有)",IF(I32="施設一般","未確定(施設一般値)",IF(I32="近隣求人欄","未確定(近隣欄からの抽出)",IF(I32="店舗非特定","未確定(店舗非特定)",IF(G32="","取得不能",IF(L32="割れ(旧掲載疑い)","未確定(最低賃金割れ)",IF(M32="不足","未確定(証拠不足)","媒体掲載値"))))))) | O32: 2026-07-31 | P32: ★佐賀県最低賃金1,030円を下回る=旧掲載
A33: 28 | B33: 佐賀兵庫店 | C33: ファストフード | D33: ロッテリア モラージュ佐賀店 | E33: 佐賀県佐賀市(モラージュ佐賀) | F33: 1092 | H33: 時給の記載を取得できず | I33: 未取得 | J33: https://lotteria-arbeit.net/jobfind-pc/job/All/1092 | K33: 1030 | L33: =IF(G33="","-",IF(G33<K33,"割れ(旧掲載疑い)","OK")) | M33: =IF(AND(D33<>"",E33<>"",F33<>"",G33<>""),"充足","不足") | N33: =IF(I33="ブランド共通","未確定(店舗非固有)",IF(I33="施設一般","未確定(施設一般値)",IF(I33="近隣求人欄","未確定(近隣欄からの抽出)",IF(I33="店舗非特定","未確定(店舗非特定)",IF(G33="","取得不能",IF(L33="割れ(旧掲載疑い)","未確定(最低賃金割れ)",IF(M33="不足","未確定(証拠不足)","媒体掲載値"))))))) | O33: 2026-07-31
A34: 29 | B34: 宮崎阿波岐原店 | C34: うどん(直接競合) | D34: 丸亀製麺 イオンモール宮崎店 | E34: 宮崎県宮崎市(イオンモール宮崎) | F34: AC0121911288 | G34: 1100 | H34: 1,100円～／12/31・1/2・1/3は+200円、1/1は+300円 | I34: 店舗固有求人 | J34: https://toridoll-job.com/toridoll02/AC0121911288/MDkyujin_d.htm | K34: 1023 | L34: =IF(G34="","-",IF(G34<K34,"割れ(旧掲載疑い)","OK")) | M34: =IF(AND(D34<>"",E34<>"",F34<>"",G34<>""),"充足","不足") | N34: =IF(I34="ブランド共通","未確定(店舗非固有)",IF(I34="施設一般","未確定(施設一般値)",IF(I34="近隣求人欄","未確定(近隣欄からの抽出)",IF(I34="店舗非特定","未確定(店舗非特定)",IF(G34="","取得不能",IF(L34="割れ(旧掲載疑い)","未確定(最低賃金割れ)",IF(M34="不足","未確定(証拠不足)","媒体掲載値"))))))) | O34: 2026-07-31
A35: 30 | B35: 宮崎阿波岐原店 | C35: ファミレス | D35: ジョイフル 宮崎田野店 | E35: 宮崎県宮崎市田野町 | F35: job-131030808 | G35: 1073 | H35: 求人表示 1,073～1,467円／日祝+50円 | I35: 店舗固有求人 | J35: https://baito.mynavi.jp/cl-002216705350/job-131030808/ | K35: 1023 | L35: =IF(G35="","-",IF(G35<K35,"割れ(旧掲載疑い)","OK")) | M35: =IF(AND(D35<>"",E35<>"",F35<>"",G35<>""),"充足","不足") | N35: =IF(I35="ブランド共通","未確定(店舗非固有)",IF(I35="施設一般","未確定(施設一般値)",IF(I35="近隣求人欄","未確定(近隣欄からの抽出)",IF(I35="店舗非特定","未確定(店舗非特定)",IF(G35="","取得不能",IF(L35="割れ(旧掲載疑い)","未確定(最低賃金割れ)",IF(M35="不足","未確定(証拠不足)","媒体掲載値"))))))) | O35: 2026-07-31 | P35: 田野町は市南部。阿波岐原からは遠く同一商圏か要確認
A36: 31 | B36: 宮崎阿波岐原店 | C36: うどん(直接競合) | D36: 丸亀製麺 宮崎住吉店 | E36: 宮崎県宮崎市住吉 | F36: A91031990530 | G36: 1000 | H36: 1,000円～／22時以降25%UP | I36: 店舗固有求人 | J36: https://toridoll-job.com/toridoll02/A91031990530/MDkyujin_d.htm | K36: 1023 | L36: =IF(G36="","-",IF(G36<K36,"割れ(旧掲載疑い)","OK")) | M36: =IF(AND(D36<>"",E36<>"",F36<>"",G36<>""),"充足","不足") | N36: =IF(I36="ブランド共通","未確定(店舗非固有)",IF(I36="施設一般","未確定(施設一般値)",IF(I36="近隣求人欄","未確定(近隣欄からの抽出)",IF(I36="店舗非特定","未確定(店舗非特定)",IF(G36="","取得不能",IF(L36="割れ(旧掲載疑い)","未確定(最低賃金割れ)",IF(M36="不足","未確定(証拠不足)","媒体掲載値"))))))) | O36: 2026-07-31 | P36: ★宮崎県最低賃金1,023円を下回る=旧掲載
A37: 32 | B37: 宮崎阿波岐原店 | C37: うどん(直接競合) | D37: 丸亀製麺 宮崎店 | E37: 宮崎県宮崎市 | F37: A10701916440 | G37: 950 | H37: 開店準備・仕込みスタッフ 950円～ | I37: 店舗固有求人 | J37: https://toridoll-job.com/toridoll02/A10701916440/MDkyujin_d.htm | K37: 1023 | L37: =IF(G37="","-",IF(G37<K37,"割れ(旧掲載疑い)","OK")) | M37: =IF(AND(D37<>"",E37<>"",F37<>"",G37<>""),"充足","不足") | N37: =IF(I37="ブランド共通","未確定(店舗非固有)",IF(I37="施設一般","未確定(施設一般値)",IF(I37="近隣求人欄","未確定(近隣欄からの抽出)",IF(I37="店舗非特定","未確定(店舗非特定)",IF(G37="","取得不能",IF(L37="割れ(旧掲載疑い)","未確定(最低賃金割れ)",IF(M37="不足","未確定(証拠不足)","媒体掲載値"))))))) | O37: 2026-07-31 | P37: ★最低賃金割れ かつ職種限定
A38: 33 | B38: 宮崎阿波岐原店 | C38: 牛丼 | D38: すき家(宮崎市内) | G38: 1080 | H38: 高校生1,023円／深夜1,350円／早朝+150円／通常1,080円～。新別府店・大島店・郡司分店が混在 | I38: 店舗非特定 | J38: https://work.sukiya.jp/brand-jobfind/job/All/32871 | K38: 1023 | L38: =IF(G38="","-",IF(G38<K38,"割れ(旧掲載疑い)","OK")) | M38: =IF(AND(D38<>"",E38<>"",F38<>"",G38<>""),"充足","不足") | N38: =IF(I38="ブランド共通","未確定(店舗非固有)",IF(I38="施設一般","未確定(施設一般値)",IF(I38="近隣求人欄","未確定(近隣欄からの抽出)",IF(I38="店舗非特定","未確定(店舗非特定)",IF(G38="","取得不能",IF(L38="割れ(旧掲載疑い)","未確定(最低賃金割れ)",IF(M38="不足","未確定(証拠不足)","媒体掲載値"))))))) | O38: 2026-07-31 | P38: ★複数店舗の値が混在し、どの店舗の1,080円か特定できない。採用しない
A39: 34 | B39: 宮崎阿波岐原店 | C39: 商業施設内飲食 | D39: イオンモール宮崎(飲食テナント) | E39: 宮崎県宮崎市新別府町(イオンモール宮崎) | G39: 1200 | H39: 施設全体で飲食1,200円～・カフェ960円以上 | I39: 施設一般 | J39: https://am-miyazaki-recruit.jp/job/-/info/list | K39: 1023 | L39: =IF(G39="","-",IF(G39<K39,"割れ(旧掲載疑い)","OK")) | M39: =IF(AND(D39<>"",E39<>"",F39<>"",G39<>""),"充足","不足") | N39: =IF(I39="ブランド共通","未確定(店舗非固有)",IF(I39="施設一般","未確定(施設一般値)",IF(I39="近隣求人欄","未確定(近隣欄からの抽出)",IF(I39="店舗非特定","未確定(店舗非特定)",IF(G39="","取得不能",IF(L39="割れ(旧掲載疑い)","未確定(最低賃金割れ)",IF(M39="不足","未確定(証拠不足)","媒体掲載値"))))))) | O39: 2026-07-31 | P39: ★施設全体の一般値であり特定テナントの時給ではない

Sheet 陣山店
A1: 資さんうどん 陣山店 周辺時給調査
A2: 住所：福岡県北九州市八幡西区陣山1-3-33 TEL：093-883-6018 調査日：2026-07-31
A4: 福岡県最低賃金 | B4: 1057 | D4: 区分 | E4: 店舗名 | F4: 基本時給 | G4: その他条件 | H4: 証明レベル | I4: 距離
A5: 発効日 | B5: 2025-11-16 | D5: 牛丼 | E5: すき家 3号黒崎店 | F5: =IF(調査台帳!N6="媒体掲載値",調査台帳!G6,"未確定") | G5: 求人表示 1,080～1,350円 | H5: =調査台帳!N6 | I5: 未計測
D6: ファミレス | E6: ジョイフル 北九州黒崎店 | F6: =IF(調査台帳!N7="媒体掲載値",調査台帳!G7,"未確定") | G6: 9-15時 1,200円／15-22時 1,107円／22-5時 1,564円／5-9時 1,551円／高校生 1,107円 | H6: =調査台帳!N7 | I6: 未計測
A7: 陣山店 現行時給 | B7: 1057 | D7: ファストフード | E7: マクドナルド フレスポ黒崎店 | F7: =IF(調査台帳!N8="媒体掲載値",調査台帳!G8,"未確定") | G7: 22-5時 25%UP | H7: =調査台帳!N8 | I7: 未計測
A8: 深夜時給(22-5時) | B8: 1322 | D8: 牛丼 | E8: 吉野家 3号線黒崎西店 | F8: =IF(調査台帳!N9="媒体掲載値",調査台帳!G9,"未確定") | G8: 求人表示 1,060～1,325円 | H8: =調査台帳!N9 | I8: 未計測
A9: 土日祝加算 | B9: 130 | D9: うどん(直接競合) | E9: うどんウエスト(八幡西区) | F9: =IF(調査台帳!N10="媒体掲載値",調査台帳!G10,"未確定") | G9: 八幡西区として1,050円～と表示 | H9: =調査台帳!N10 | I9: 未計測
A10: 土日祝 実質時給 | B10: =B7+B9 | D10: ちゃんぽん | E10: リンガーハット コムシティ黒崎店 | F10: =IF(調査台帳!N11="媒体掲載値",調査台帳!G11,"未確定") | G10: 八幡西区のリンガーハットとして1,050円～と表示 | H10: =調査台帳!N11 | I10: 未計測
A11: 最低賃金との差 | B11: =B7-B4 | D11: ファミレス | E11: ガスト イオンタウン黒崎店 | F11: =IF(調査台帳!N12="媒体掲載値",調査台帳!G12,"未確定") | G11: 福岡県内共通レンジ 1,240～1,428円(深夜割増込み)のみ取得 | H11: =調査台帳!N12 | I11: 未計測
A12: 証明レベル | B12: 実額確認済み(社内データ)
D13: 周辺相場(採用できた値のみ)
D14: 件数 | E14: =COUNT(F5:F11)
D15: 最安 | E15: =IF(COUNT(F5:F11)=0,"-",MIN(F5:F11))
D16: 最高 | E16: =IF(COUNT(F5:F11)=0,"-",MAX(F5:F11))
D17: 中央値 | E17: =IF(COUNT(F5:F11)=0,"-",MEDIAN(F5:F11))
D18: 自社と中央値の差 | E18: =IF(COUNT(F5:F11)=0,"-",B7-MEDIAN(F5:F11))
D20: ※「未確定」は数値が無いという意味ではなく、店舗と金額の帰属を確認できていないという意味です。
D21: ※距離は未計測です。今回の調査範囲外としています。

Sheet 新池店
A1: 資さんうどん 新池店 周辺時給調査
A2: 住所：福岡県北九州市戸畑区新池3-12-3 TEL：093-616-8024 調査日：2026-07-31
A4: 福岡県最低賃金 | B4: 1057 | D4: 区分 | E4: 店舗名 | F4: 基本時給 | G4: その他条件 | H4: 証明レベル | I4: 距離
A5: 発効日 | B5: 2025-11-16 | D5: 回転寿司 | E5: スシロー 戸畑鞘ヶ谷店 | F5: =IF(調査台帳!N13="媒体掲載値",調査台帳!G13,"未確定") | G5: 求人表示 1,100～1,425円 | H5: =調査台帳!N13 | I5: 未計測
D6: ファストフード | E6: マクドナルド 戸畑夜宮店 | F6: =IF(調査台帳!N14="媒体掲載値",調査台帳!G14,"未確定") | G6: 22-5時 25%UP | H6: =調査台帳!N14 | I6: 未計測
A7: 新池店 現行時給 | B7: 1057 | D7: ファストフード | E7: マクドナルド イオン戸畑SC店 | F7: =IF(調査台帳!N15="媒体掲載値",調査台帳!G15,"未確定") | G7: 高校生 1,057円～／22-5時 25%UP。一般時給は未取得 | H7: =調査台帳!N15 | I7: 未計測
A8: 深夜時給(22-5時) | B8: 1322 | D8: うどん(直接競合) | E8: うどんウエスト 戸畑店 | F8: =IF(調査台帳!N16="媒体掲載値",調査台帳!G16,"未確定") | G8: 店舗の時給掲載を取得できず | H8: =調査台帳!N16 | I8: 未計測
A9: 土日祝加算 | B9: 130 | D9: ファミレス | E9: ジョイフル(戸畑区) | F9: =IF(調査台帳!N17="媒体掲載値",調査台帳!G17,"未確定") | G9: 検索で並んだのは本城店1,042円・小倉熊本店1,042円。いずれも戸畑区外 | H9: =調査台帳!N17 | I9: 未計測
A10: 土日祝 実質時給 | B10: =B7+B9
A11: 最低賃金との差 | B11: =B7-B4 | D11: 周辺相場(採用できた値のみ)
A12: 証明レベル | B12: 実額確認済み(社内データ) | D12: 件数 | E12: =COUNT(F5:F9)
D13: 最安 | E13: =IF(COUNT(F5:F9)=0,"-",MIN(F5:F9))
D14: 最高 | E14: =IF(COUNT(F5:F9)=0,"-",MAX(F5:F9))
D15: 中央値 | E15: =IF(COUNT(F5:F9)=0,"-",MEDIAN(F5:F9))
D16: 自社と中央値の差 | E16: =IF(COUNT(F5:F9)=0,"-",B7-MEDIAN(F5:F9))
D18: ※「未確定」は数値が無いという意味ではなく、店舗と金額の帰属を確認できていないという意味です。
D19: ※距離は未計測です。今回の調査範囲外としています。

Sheet 宗像店
A1: 資さんうどん 宗像店 周辺時給調査
A2: 住所：福岡県宗像市稲元2-4-8 TEL：0940-34-1177 調査日：2026-07-31
A4: 福岡県最低賃金 | B4: 1057 | D4: 区分 | E4: 店舗名 | F4: 基本時給 | G4: その他条件 | H4: 証明レベル | I4: 距離
A5: 発効日 | B5: 2025-11-16 | D5: ファミレス | E5: ジョイフル 宗像徳重店 | F5: =IF(調査台帳!N18="媒体掲載値",調査台帳!G18,"未確定") | G5: 9:00-15:00 の時給 | H5: =調査台帳!N18 | I5: 未計測
D6: ファストフード | E6: マクドナルド 宗像ミスターマックス店 | F6: =IF(調査台帳!N19="媒体掲載値",調査台帳!G19,"未確定") | G6: 時給の記載を取得できず | H6: =調査台帳!N19 | I6: 未計測
A7: 宗像店 現行時給 | B7: 1057 | D7: 牛丼 | E7: すき家 宗像赤間店 | F7: =IF(調査台帳!N20="媒体掲載値",調査台帳!G20,"未確定") | G7: 時給の記載を取得できず | H7: =調査台帳!N20 | I7: 未計測
A8: 深夜時給(22-5時) | B8: 1322 | D8: うどん(直接競合) | E8: うどんウエスト 宗像店 | F8: =IF(調査台帳!N21="媒体掲載値",調査台帳!G21,"未確定") | G8: 店舗の時給掲載を取得できず | H8: =調査台帳!N21 | I8: 未計測
A9: 土日祝加算 | B9: 130
A10: 土日祝 実質時給 | B10: =B7+B9 | D10: 周辺相場(採用できた値のみ)
A11: 最低賃金との差 | B11: =B7-B4 | D11: 件数 | E11: =COUNT(F5:F8)
A12: 証明レベル | B12: 実額確認済み(社内データ) | D12: 最安 | E12: =IF(COUNT(F5:F8)=0,"-",MIN(F5:F8))
D13: 最高 | E13: =IF(COUNT(F5:F8)=0,"-",MAX(F5:F8))
D14: 中央値 | E14: =IF(COUNT(F5:F8)=0,"-",MEDIAN(F5:F8))
D15: 自社と中央値の差 | E15: =IF(COUNT(F5:F8)=0,"-",B7-MEDIAN(F5:F8))
D17: ※「未確定」は数値が無いという意味ではなく、店舗と金額の帰属を確認できていないという意味です。
D18: ※距離は未計測です。今回の調査範囲外としています。

Sheet 菊陽店
A1: 資さんうどん 菊陽店 周辺時給調査
A2: 住所：熊本県菊池郡菊陽町津久礼2750-2 TEL：096-234-8668 調査日：2026-07-31
A4: 熊本県最低賃金 | B4: 1034 | D4: 区分 | E4: 店舗名 | F4: 基本時給 | G4: その他条件 | H4: 証明レベル | I4: 距離
A5: 発効日 | B5: 2026-01-01 | D5: うどん(直接競合) | E5: 丸亀製麺 ゆめタウン光の森店 | F5: =IF(調査台帳!N22="媒体掲載値",調査台帳!G22,"未確定") | G5: 求人表示 1,200～1,500円／閉店作業 1,100円～／土曜+50円・日祝+100円 | H5: =調査台帳!N22 | I5: 未計測
D6: ファミレス | E6: ジョイフル 菊陽店 | F6: =IF(調査台帳!N23="媒体掲載値",調査台帳!G23,"未確定") | G6: 9-15時 1,250円／15-18時 1,084円／18-22時 1,200円／22-0時 1,355円／0-9時 1,438円／高校生 1,084円 | H6: =調査台帳!N23 | I6: 未計測
A7: 菊陽店 現行時給 | B7: 1034 | D7: うどん(直接競合) | E7: うどんウエスト 菊陽光の森店 | F7: =IF(調査台帳!N24="媒体掲載値",調査台帳!G24,"未確定") | G7: うどんコーナー 900円～/950円～／深夜早朝 1,400円～／土日祝+50円 | H7: =調査台帳!N24 | I7: 未計測
A8: 深夜時給(22-5時) | B8: 1293 | D8: ファストフード | E8: マクドナルド 光の森ゆめタウン店 | F8: =IF(調査台帳!N25="媒体掲載値",調査台帳!G25,"未確定") | G8: 熊本県内一般として1,040円～、深夜1,250円と表示 | H8: =調査台帳!N25 | I8: 未計測
A9: 土日祝加算 | B9: 130
A10: 土日祝 実質時給 | B10: =B7+B9 | D10: 周辺相場(採用できた値のみ)
A11: 最低賃金との差 | B11: =B7-B4 | D11: 件数 | E11: =COUNT(F5:F8)
A12: 証明レベル | B12: 実額確認済み(社内データ) | D12: 最安 | E12: =IF(COUNT(F5:F8)=0,"-",MIN(F5:F8))
D13: 最高 | E13: =IF(COUNT(F5:F8)=0,"-",MAX(F5:F8))
D14: 中央値 | E14: =IF(COUNT(F5:F8)=0,"-",MEDIAN(F5:F8))
D15: 自社と中央値の差 | E15: =IF(COUNT(F5:F8)=0,"-",B7-MEDIAN(F5:F8))
D17: ※「未確定」は数値が無いという意味ではなく、店舗と金額の帰属を確認できていないという意味です。
D18: ※距離は未計測です。今回の調査範囲外としています。

Sheet 鳥栖真木店
A1: 資さんうどん 鳥栖真木店 周辺時給調査
A2: 住所：佐賀県鳥栖市真木町1113-6 TEL：0942-50-5105 調査日：2026-07-31
A4: 佐賀県最低賃金 | B4: 1030 | D4: 区分 | E4: 店舗名 | F4: 基本時給 | G4: その他条件 | H4: 証明レベル | I4: 距離
A5: 発効日 | B5: 2025-11-21 | D5: ファミレス | E5: ジョイフル 鳥栖中央店 | F5: =IF(調査台帳!N26="媒体掲載値",調査台帳!G26,"未確定") | G5: 求人表示 1,200～1,450円 | H5: =調査台帳!N26 | I5: 未計測
D6: うどん(直接競合) | E6: 丸亀製麺 鳥栖店 | F6: =IF(調査台帳!N27="媒体掲載値",調査台帳!G27,"未確定") | G6: 開店準備・仕込みスタッフ 980円～(高校生同額) | H6: =調査台帳!N27 | I6: 未計測
A7: 鳥栖真木店 現行時給 | B7: 1030 | D7: ファストフード | E7: マクドナルド 鳥栖フレスポ店 | F7: =IF(調査台帳!N28="媒体掲載値",調査台帳!G28,"未確定") | G7: 時給の記載を取得できず | H7: =調査台帳!N28 | I7: 未計測
A8: 深夜時給(22-5時) | B8: 1288 | D8: 焼肉 | E8: ウエスト 焼肉 鳥栖店 | F8: =IF(調査台帳!N29="媒体掲載値",調査台帳!G29,"未確定") | G8: 時給の記載を取得できず | H8: =調査台帳!N29 | I8: 未計測
A9: 土日祝加算 | B9: 130
A10: 土日祝 実質時給 | B10: =B7+B9 | D10: 周辺相場(採用できた値のみ)
A11: 最低賃金との差 | B11: =B7-B4 | D11: 件数 | E11: =COUNT(F5:F8)
A12: 証明レベル | B12: 実額確認済み(社内データ) | D12: 最安 | E12: =IF(COUNT(F5:F8)=0,"-",MIN(F5:F8))
D13: 最高 | E13: =IF(COUNT(F5:F8)=0,"-",MAX(F5:F8))
D14: 中央値 | E14: =IF(COUNT(F5:F8)=0,"-",MEDIAN(F5:F8))
D15: 自社と中央値の差 | E15: =IF(COUNT(F5:F8)=0,"-",B7-MEDIAN(F5:F8))
D17: ※「未確定」は数値が無いという意味ではなく、店舗と金額の帰属を確認できていないという意味です。
D18: ※距離は未計測です。今回の調査範囲外としています。

Sheet 佐賀兵庫店
A1: 資さんうどん 佐賀兵庫店 周辺時給調査
A2: 住所：佐賀県佐賀市兵庫町大字藤木1487-4 TEL：0952-97-5501 調査日：2026-07-31
A4: 佐賀県最低賃金 | B4: 1030 | D4: 区分 | E4: 店舗名 | F4: 基本時給 | G4: その他条件 | H4: 証明レベル | I4: 距離
A5: 発効日 | B5: 2025-11-21 | D5: うどん(直接競合) | E5: うどんウエスト 佐賀光法店 | F5: =IF(調査台帳!N30="媒体掲載値",調査台帳!G30,"未確定") | G5: うどんコーナー 1,150円～／高校生 1,030円～ | H5: =調査台帳!N30 | I5: 未計測
D6: 商業施設内飲食 | E6: 天麩羅こむぎ モラージュ佐賀 | F6: =IF(調査台帳!N31="媒体掲載値",調査台帳!G31,"未確定") | G6: 1,050円以上／高校生可 | H6: =調査台帳!N31 | I6: 未計測
A7: 佐賀兵庫店 現行時給 | B7: 1030 | D7: うどん(直接競合) | E7: 丸亀製麺 佐賀店 | F7: =IF(調査台帳!N32="媒体掲載値",調査台帳!G32,"未確定") | G7: ホールスタッフ 1,000円～／22時以降25%UP | H7: =調査台帳!N32 | I7: 未計測
A8: 深夜時給(22-5時) | B8: 1288 | D8: ファストフード | E8: ロッテリア モラージュ佐賀店 | F8: =IF(調査台帳!N33="媒体掲載値",調査台帳!G33,"未確定") | G8: 時給の記載を取得できず | H8: =調査台帳!N33 | I8: 未計測
A9: 土日祝加算 | B9: 130
A10: 土日祝 実質時給 | B10: =B7+B9 | D10: 周辺相場(採用できた値のみ)
A11: 最低賃金との差 | B11: =B7-B4 | D11: 件数 | E11: =COUNT(F5:F8)
A12: 証明レベル | B12: 実額確認済み(社内データ) | D12: 最安 | E12: =IF(COUNT(F5:F8)=0,"-",MIN(F5:F8))
D13: 最高 | E13: =IF(COUNT(F5:F8)=0,"-",MAX(F5:F8))
D14: 中央値 | E14: =IF(COUNT(F5:F8)=0,"-",MEDIAN(F5:F8))
D15: 自社と中央値の差 | E15: =IF(COUNT(F5:F8)=0,"-",B7-MEDIAN(F5:F8))
D17: ※「未確定」は数値が無いという意味ではなく、店舗と金額の帰属を確認できていないという意味です。
D18: ※距離は未計測です。今回の調査範囲外としています。

Sheet 宮崎阿波岐原店
A1: 資さんうどん 宮崎阿波岐原店 周辺時給調査
A2: 住所：宮崎県宮崎市阿波岐原町請田2420 TEL：0985-65-3393 調査日：2026-07-31
A4: 宮崎県最低賃金 | B4: 1023 | D4: 区分 | E4: 店舗名 | F4: 基本時給 | G4: その他条件 | H4: 証明レベル | I4: 距離
A5: 発効日 | B5: 2025-11-16 | D5: うどん(直接競合) | E5: 丸亀製麺 イオンモール宮崎店 | F5: =IF(調査台帳!N34="媒体掲載値",調査台帳!G34,"未確定") | G5: 1,100円～／12/31・1/2・1/3は+200円、1/1は+300円 | H5: =調査台帳!N34 | I5: 未計測
D6: ファミレス | E6: ジョイフル 宮崎田野店 | F6: =IF(調査台帳!N35="媒体掲載値",調査台帳!G35,"未確定") | G6: 求人表示 1,073～1,467円／日祝+50円 | H6: =調査台帳!N35 | I6: 未計測
A7: 宮崎阿波岐原店 現行時給 | B7: 未提供 | D7: うどん(直接競合) | E7: 丸亀製麺 宮崎住吉店 | F7: =IF(調査台帳!N36="媒体掲載値",調査台帳!G36,"未確定") | G7: 1,000円～／22時以降25%UP | H7: =調査台帳!N36 | I7: 未計測
A8: 備考 | B8: 社内データ未提供。公開求人の1,000円は最低賃金割れの旧掲載のため採用不可 | D8: うどん(直接競合) | E8: 丸亀製麺 宮崎店 | F8: =IF(調査台帳!N37="媒体掲載値",調査台帳!G37,"未確定") | G8: 開店準備・仕込みスタッフ 950円～ | H8: =調査台帳!N37 | I8: 未計測
A9: 土日祝加算 | B9: 130 | D9: 牛丼 | E9: すき家(宮崎市内) | F9: =IF(調査台帳!N38="媒体掲載値",調査台帳!G38,"未確定") | G9: 高校生1,023円／深夜1,350円／早朝+150円／通常1,080円～。新別府店・大島店・郡司分店が混在 | H9: =調査台帳!N38 | I9: 未計測
D10: 商業施設内飲食 | E10: イオンモール宮崎(飲食テナント) | F10: =IF(調査台帳!N39="媒体掲載値",調査台帳!G39,"未確定") | G10: 施設全体で飲食1,200円～・カフェ960円以上 | H10: =調査台帳!N39 | I10: 未計測
A12: 証明レベル | B12: 取得不能 | D12: 周辺相場(採用できた値のみ)
D13: 件数 | E13: =COUNT(F5:F10)
D14: 最安 | E14: =IF(COUNT(F5:F10)=0,"-",MIN(F5:F10))
D15: 最高 | E15: =IF(COUNT(F5:F10)=0,"-",MAX(F5:F10))
D16: 中央値 | E16: =IF(COUNT(F5:F10)=0,"-",MEDIAN(F5:F10))
D17: 自社と中央値の差 | E17: 自社時給が未提供のため算出不可
D19: ※「未確定」は数値が無いという意味ではなく、店舗と金額の帰属を確認できていないという意味です。
D20: ※距離は未計測です。今回の調査範囲外としています。

Sheet 検証チェック
A1: 自動検証チェック
A2: このシートは調査台帳を数式で集計し、取り違え事故の再現テストを実行します。『最終警告数』が0でなければ、確定版として使用しないでください。
A4: 集計項目 | B4: 件数 | C4: 意味 | D4: 判定 | E4: 備考
A5: 台帳の総レコード数 | B5: =COUNTA(調査台帳!$A$6:$A$39) | C5: 調査対象として立てた件数
A6: 媒体掲載値として採用 | B6: =COUNTIF(調査台帳!$N$6:$N$39,"媒体掲載値") | C6: 店舗と金額の帰属を確認できた件数 | E6: これのみ主表に数値表示される
A7: 未確定(最低賃金割れ) | B7: =COUNTIF(調査台帳!$N$6:$N$39,"未確定(最低賃金割れ)") | C7: 旧掲載の疑いで自動除外 | E7: 改定前の求人が残っているもの
A8: 未確定(店舗非固有) | B8: =COUNTIF(調査台帳!$N$6:$N$39,"未確定(店舗非固有)") | C8: ブランド共通レンジのため除外 | E8: 南柏店サイゼリヤと同型の事故を防ぐ
A9: 未確定(施設一般値) | B9: =COUNTIF(調査台帳!$N$6:$N$39,"未確定(施設一般値)") | C9: 商業施設全体の値のため除外
A10: 未確定(近隣欄からの抽出) | B10: =COUNTIF(調査台帳!$N$6:$N$39,"未確定(近隣欄からの抽出)") | C10: 近隣求人欄の金額のため除外 | E10: 南柏店の事故そのもののガード
A11: 未確定(店舗非特定) | B11: =COUNTIF(調査台帳!$N$6:$N$39,"未確定(店舗非特定)") | C11: どの店舗の金額か特定できず除外
A12: 未確定(証拠不足) | B12: =COUNTIF(調査台帳!$N$6:$N$39,"未確定(証拠不足)") | C12: 証拠4点セットが揃わず除外
A13: 取得不能 | B13: =COUNTIF(調査台帳!$N$6:$N$39,"取得不能") | C13: 時給そのものを取得できず
A14: 合計(内訳の和) | B14: =SUM(B6:B13) | C14: 総レコード数と一致すること | D14: =IF(B14=B5,"OK","NG")
A16: 店舗取り違え・旧掲載 再現テスト
A17: 台帳と同じ判定式に、過去の事故と同じ形のデータを流し込みます。すべてFAILにならないことを確認してください。
A18: テスト内容 | B18: 投入した時給 | C18: 投入した取得元区分 | D18: 判定結果 | E18: 期待結果／合否
A19: ①ページタイトルはイオンモール柏、金額は近隣求人欄のららぽーと柏の葉1,300円 | B19: 1300 | C19: 近隣求人欄 | D19: =IF(C19="ブランド共通","未確定(店舗非固有)",IF(C19="施設一般","未確定(施設一般値)",IF(C19="近隣求人欄","未確定(近隣欄からの抽出)",IF(C19="店舗非特定","未確定(店舗非特定)",IF(B19<1140,"未確定(最低賃金割れ)","媒体掲載値"))))) | E19: =IF(LEFT(D19,3)="未確定","PASS(採用されない)","FAIL(採用されてしまう)")
A20: ①-b ブランド共通レンジを店舗の通常時給として投入 | B20: 1240 | C20: ブランド共通 | D20: =IF(C20="ブランド共通","未確定(店舗非固有)",IF(C20="施設一般","未確定(施設一般値)",IF(C20="近隣求人欄","未確定(近隣欄からの抽出)",IF(C20="店舗非特定","未確定(店舗非特定)",IF(B20<1057,"未確定(最低賃金割れ)","媒体掲載値"))))) | E20: =IF(LEFT(D20,3)="未確定","PASS(採用されない)","FAIL(採用されてしまう)")
A21: ①-c どの店舗の値か特定できないまま投入 | B21: 1042 | C21: 店舗非特定 | D21: =IF(C21="ブランド共通","未確定(店舗非固有)",IF(C21="施設一般","未確定(施設一般値)",IF(C21="近隣求人欄","未確定(近隣欄からの抽出)",IF(C21="店舗非特定","未確定(店舗非特定)",IF(B21<1057,"未確定(最低賃金割れ)","媒体掲載値"))))) | E21: =IF(LEFT(D21,3)="未確定","PASS(採用されない)","FAIL(採用されてしまう)")
A22: ②改定前の旧掲載（熊本1,034円に対し900円） | B22: 900 | C22: 店舗固有求人 | D22: =IF(C22="ブランド共通","未確定(店舗非固有)",IF(C22="施設一般","未確定(施設一般値)",IF(C22="近隣求人欄","未確定(近隣欄からの抽出)",IF(C22="店舗非特定","未確定(店舗非特定)",IF(B22<1034,"未確定(最低賃金割れ)","媒体掲載値"))))) | E22: =IF(LEFT(D22,3)="未確定","PASS(採用されない)","FAIL(採用されてしまう)")
A23: ③商業施設全体の一般値を特定テナントの時給として投入 | B23: 1200 | C23: 施設一般 | D23: =IF(C23="ブランド共通","未確定(店舗非固有)",IF(C23="施設一般","未確定(施設一般値)",IF(C23="近隣求人欄","未確定(近隣欄からの抽出)",IF(C23="店舗非特定","未確定(店舗非特定)",IF(B23<1023,"未確定(最低賃金割れ)","媒体掲載値"))))) | E23: =IF(LEFT(D23,3)="未確定","PASS(採用されない)","FAIL(採用されてしまう)")
A24: ④店舗名・住所・求人ID・時給がすべて揃った正常データ | B24: 1150 | C24: 店舗固有求人 | D24: =IF(C24="ブランド共通","未確定(店舗非固有)",IF(C24="施設一般","未確定(施設一般値)",IF(C24="近隣求人欄","未確定(近隣欄からの抽出)",IF(C24="店舗非特定","未確定(店舗非特定)",IF(B24<1030,"未確定(最低賃金割れ)","媒体掲載値"))))) | E24: =IF(D24="媒体掲載値","PASS(正常データは通る)","FAIL")
A27: 最終警告数 | B27: =COUNTIF(E19:E24,"FAIL*")+IF(D14="OK",0,1) | C27: 0件でなければ確定版として使用しない | D27: =IF(B27=0,"OK","NG")
A29: ※このシートが検証できるのは「抽出の正しさ」だけです。求人情報そのものが古い・誤掲載である可能性はこの方法では検証できません。実際に支払われる時給を証明するには、店舗または採用本部への直接確認が必要です。
A30: ※自社時給のみ社内データに基づく「実額確認済み」です。競合はすべて「公開求人の掲載値」であり、実額ではありません。
